year,strategy_return
2023,0.05731206973747005
2024,0.7452444393818001
2025,0.06889794623010048
2026,0.0010323465520785113
