year,strategy_return
2023,0.040942655184586174
2024,1.0458103027571486
2025,-0.1184103009109786
2026,-0.019075667853914013
