{
  "classification": {
    "oos_auc": 0.5170435963875122,
    "oos_acc": 0.5291005291005291,
    "trade_rate": 0.7407407407407407,
    "brier": 0.25403751369433614
  },
  "cost_bps": 5.0,
  "statsmodels_available": true,
  "trading": {
    "annualized_sharpe": 0.9664207852871942,
    "max_drawdown": -0.44019348194456787,
    "mean_daily_return": 0.0015127961229759964,
    "std_daily_return": 0.024849314418756478,
    "ttest": {
      "t_mean": 0.0015127961229759964,
      "t_stat": 1.4483522794216392,
      "t_p_approx": 0.14751855357544796,
      "n": 567
    },
    "hac_test": {
      "hac_available": true,
      "hac_mean": 0.0015127961229759964,
      "hac_se": 0.000963509978914929,
      "hac_t": 1.5700886924696453,
      "hac_p": 0.11639447884912171,
      "hac_lags": 5
    },
    "bootstrap_sharpe": {
      "sharpe_boot_mean": 0.9874872741823012,
      "sharpe_ci_2p5": -0.3011068204174077,
      "sharpe_ci_50": 0.9815075675941314,
      "sharpe_ci_97p5": 2.3175467715894946
    },
    "permutation_test": {
      "perm_obs_mean": 0.0015127961229759964,
      "perm_pvalue_one_sided": 0.7641179410294853
    },
    "num_days": 567,
    "num_trades": 420
  },
  "summary_json_used": "/home/zammorak/thesis/artifacts/models/nvda_walk_forward_reduced_features/walk_forward_summary.json"
}