{
  "classification": {
    "oos_auc": 0.5447158562048753,
    "oos_acc": 0.49029982363315694,
    "trade_rate": 0.36684303350970016,
    "brier": 0.2509136612673676
  },
  "cost_bps": 0.0,
  "statsmodels_available": true,
  "trading": {
    "annualized_sharpe": 1.717799915918411,
    "max_drawdown": -0.17137186434225582,
    "mean_daily_return": 0.001759945696140291,
    "std_daily_return": 0.0162639848441586,
    "ttest": {
      "t_mean": 0.001759945696140291,
      "t_stat": 2.5744266490205616,
      "t_p_approx": 0.01004063740199057,
      "n": 567
    },
    "hac_test": {
      "hac_available": true,
      "hac_mean": 0.001759945696140291,
      "hac_se": 0.0006463681655693516,
      "hac_t": 2.72282236330443,
      "hac_p": 0.006472685070896181,
      "hac_lags": 5
    },
    "bootstrap_sharpe": {
      "sharpe_boot_mean": 1.7187000454247325,
      "sharpe_ci_2p5": 0.48328104775959463,
      "sharpe_ci_50": 1.723954085958375,
      "sharpe_ci_97p5": 2.8875482085522366
    },
    "permutation_test": {
      "perm_obs_mean": 0.001759945696140291,
      "perm_pvalue_one_sided": 0.09245377311344327
    },
    "num_days": 567,
    "num_trades": 208
  },
  "summary_json_used": "/home/zammorak/thesis/artifacts/models/nvda_lstm_feature_ablation/full_model/walk_forward_summary.json"
}