year,strategy_return
2023,-0.01797654962045514
2024,-0.14240087419537273
2025,-0.28718150216770033
2026,-0.0008674152254760648
