year,strategy_return
2023,-0.06828168400122192
2024,0.2637504401775985
2025,1.0328049714564949
2026,0.010080725675571944
