year,strategy_return
2023,0.06161719452313097
2024,1.0871451324311976
2025,-0.02281062559395619
2026,0.010080725675571944
