{
  "classification": {
    "oos_auc": 0.5027043344821513,
    "oos_acc": 0.4973544973544973,
    "trade_rate": 0.43033509700176364,
    "brier": 0.25632043634458673
  },
  "cost_bps": 0.0,
  "statsmodels_available": true,
  "trading": {
    "annualized_sharpe": 1.6126057437249237,
    "max_drawdown": -0.21965123526931962,
    "mean_daily_return": 0.001694422106523022,
    "std_daily_return": 0.016679909000478492,
    "ttest": {
      "t_mean": 0.001694422106523022,
      "t_stat": 2.41677459786664,
      "t_p_approx": 0.01565871030570931,
      "n": 567
    },
    "hac_test": {
      "hac_available": true,
      "hac_mean": 0.001694422106523022,
      "hac_se": 0.0006731042793972205,
      "hac_t": 2.5173248163574504,
      "hac_p": 0.011824975802074499,
      "hac_lags": 5
    },
    "bootstrap_sharpe": {
      "sharpe_boot_mean": 1.6232765435011105,
      "sharpe_ci_2p5": 0.3730986524990803,
      "sharpe_ci_50": 1.6379623682311002,
      "sharpe_ci_97p5": 2.804126602441847
    },
    "permutation_test": {
      "perm_obs_mean": 0.001694422106523022,
      "perm_pvalue_one_sided": 0.18290854572713644
    },
    "num_days": 567,
    "num_trades": 244
  },
  "summary_json_used": "/home/zammorak/thesis/artifacts/models/nvda_lstm_feature_ablation/market_attention/walk_forward_summary.json"
}