year,strategy_return
2023,0.07628566339704346
2024,0.3823282714041243
2025,-0.020875909503018764
2026,0.0
