year,strategy_return
2023,0.33320790807547307
2024,-0.2605488965264836
2025,0.3557856169225526
2026,0.11660560322625968
