{
  "classification": {
    "oos_auc": 0.5590676964101533,
    "oos_acc": 0.5097001763668431,
    "trade_rate": 0.4038800705467372,
    "brier": 0.25040489637653257
  },
  "cost_bps": 0.0,
  "statsmodels_available": true,
  "trading": {
    "annualized_sharpe": 1.337308872835825,
    "max_drawdown": -0.218143833056886,
    "mean_daily_return": 0.0015494272536558196,
    "std_daily_return": 0.018392456392214592,
    "ttest": {
      "t_mean": 0.0015494272536558196,
      "t_stat": 2.0041936015345088,
      "t_p_approx": 0.04504932571928233,
      "n": 567
    },
    "hac_test": {
      "hac_available": true,
      "hac_mean": 0.001549427253655819,
      "hac_se": 0.0007824467759663184,
      "hac_t": 1.980233418103465,
      "hac_p": 0.04767730641840587,
      "hac_lags": 5
    },
    "bootstrap_sharpe": {
      "sharpe_boot_mean": 1.3466424915517359,
      "sharpe_ci_2p5": 0.016109913615478616,
      "sharpe_ci_50": 1.3508945743968823,
      "sharpe_ci_97p5": 2.631866218101731
    },
    "permutation_test": {
      "perm_obs_mean": 0.0015494272536558196,
      "perm_pvalue_one_sided": 0.21689155422288856
    },
    "num_days": 567,
    "num_trades": 229
  },
  "summary_json_used": "/home/zammorak/thesis/artifacts/models/nvda_walk_forward_random_search_bestparams/walk_forward_summary.json"
}