{
  "classification": {
    "oos_auc": 0.5310180875952806,
    "oos_acc": 0.4567901234567901,
    "trade_rate": 0.3262786596119929,
    "brier": 0.2533514572876168
  },
  "cost_bps": 0.0,
  "statsmodels_available": true,
  "trading": {
    "annualized_sharpe": -0.5050053842694306,
    "max_drawdown": -0.5274474519371419,
    "mean_daily_return": -0.0006733702577156356,
    "std_daily_return": 0.021166945513981378,
    "ttest": {
      "t_mean": -0.0006733702577156356,
      "t_stat": -0.7568397850729902,
      "t_p_approx": 0.4491458540864832,
      "n": 567
    },
    "hac_test": {
      "hac_available": true,
      "hac_mean": -0.0006733702577156355,
      "hac_se": 0.0007228735986214217,
      "hac_t": -0.9315186762939011,
      "hac_p": 0.35158532831355127,
      "hac_lags": 5
    },
    "bootstrap_sharpe": {
      "sharpe_boot_mean": -0.4902220399436198,
      "sharpe_ci_2p5": -1.7722207238066081,
      "sharpe_ci_50": -0.4950024456025487,
      "sharpe_ci_97p5": 0.816337381225255
    },
    "permutation_test": {
      "perm_obs_mean": -0.0006733702577156356,
      "perm_pvalue_one_sided": 0.9940029985007496
    },
    "num_days": 567,
    "num_trades": 185
  },
  "summary_json_used": "/home/zammorak/thesis/artifacts/models/nvda_lstm_feature_ablation/market_only/walk_forward_summary.json"
}