year,strategy_return
2023,0.09956837492107318
2024,1.1654674660459747
2025,0.057993818965740296
2026,0.0
