year,strategy_return
2023,0.13639378159802962
2024,0.0988131431945134
2025,0.2044761267566373
