year,strategy_return
2023,0.145736713350332
2024,0.5299389822836174
2025,0.3574175586055788
